-- ============================================================
--  Seed Data (~200 customers, 36 products, 800+ orders)
-- ============================================================

INSERT INTO categories (category_id, category_name) VALUES
  (1, 'Electronics'),
  (2, 'Clothing'),
  (3, 'Home & Kitchen'),
  (4, 'Sports & Fitness'),
  (5, 'Books'),
  (6, 'Beauty & Personal Care');

INSERT INTO customers (customer_id, full_name, email, city, state, registration_date) VALUES
  (1, 'Divya Kumar', 'divya.kumar1@email.com', 'Mumbai', 'Maharashtra', '2022-10-09'),
  (2, 'Neha Yadav', 'neha.yadav2@email.com', 'Bengaluru', 'Karnataka', '2022-04-15'),
  (3, 'Harish Singh', 'harish.singh3@email.com', 'Bhopal', 'Madhya Pradesh', '2023-03-09'),
  (4, 'Aditi Sharma', 'aditi.sharma4@email.com', 'Delhi', 'Delhi', '2022-08-12'),
  (5, 'Neha Sharma', 'neha.sharma5@email.com', 'Jaipur', 'Rajasthan', '2022-07-23'),
  (6, 'Meera Iyer', 'meera.iyer6@email.com', 'Hyderabad', 'Telangana', '2023-04-05'),
  (7, 'Tanvi Verma', 'tanvi.verma7@email.com', 'Mumbai', 'Maharashtra', '2022-06-13'),
  (8, 'Meera Iyer', 'meera.iyer8@email.com', 'Pune', 'Maharashtra', '2022-10-12'),
  (9, 'Ishaan Mehta', 'ishaan.mehta9@email.com', 'Pune', 'Maharashtra', '2022-04-15'),
  (10, 'Arjun Reddy', 'arjun.reddy10@email.com', 'Delhi', 'Delhi', '2023-01-03'),
  (11, 'Rohan Verma', 'rohan.verma11@email.com', 'Mumbai', 'Maharashtra', '2023-04-16'),
  (12, 'Sanjay Kumar', 'sanjay.kumar12@email.com', 'Kolkata', 'West Bengal', '2022-03-22'),
  (13, 'Sanjay Tiwari', 'sanjay.tiwari13@email.com', 'Lucknow', 'Uttar Pradesh', '2023-09-26'),
  (14, 'Rohan Mehta', 'rohan.mehta14@email.com', 'Surat', 'Gujarat', '2022-03-13'),
  (15, 'Aditi Yadav', 'aditi.yadav15@email.com', 'Chennai', 'Tamil Nadu', '2022-03-23'),
  (16, 'Neha Kumar', 'neha.kumar16@email.com', 'Kolkata', 'West Bengal', '2022-10-12'),
  (17, 'Anjali Nair', 'anjali.nair17@email.com', 'Bengaluru', 'Karnataka', '2023-01-15'),
  (18, 'Rohan Mehta', 'rohan.mehta18@email.com', 'Lucknow', 'Uttar Pradesh', '2022-10-01'),
  (19, 'Meera Singh', 'meera.singh19@email.com', 'Bhopal', 'Madhya Pradesh', '2023-10-13'),
  (20, 'Kavya Yadav', 'kavya.yadav20@email.com', 'Bengaluru', 'Karnataka', '2023-04-19'),
  (21, 'Shreya Verma', 'shreya.verma21@email.com', 'Lucknow', 'Uttar Pradesh', '2023-07-25'),
  (22, 'Neha Agarwal', 'neha.agarwal22@email.com', 'Mumbai', 'Maharashtra', '2022-08-23'),
  (23, 'Aditi Agarwal', 'aditi.agarwal23@email.com', 'Kolkata', 'West Bengal', '2022-10-02'),
  (24, 'Arjun Mehta', 'arjun.mehta24@email.com', 'Bhopal', 'Madhya Pradesh', '2022-11-19'),
  (25, 'Manish Kapoor', 'manish.kapoor25@email.com', 'Kolkata', 'West Bengal', '2023-10-21'),
  (26, 'Anjali Gupta', 'anjali.gupta26@email.com', 'Chennai', 'Tamil Nadu', '2022-05-23'),
  (27, 'Neha Verma', 'neha.verma27@email.com', 'Surat', 'Gujarat', '2023-08-22'),
  (28, 'Vikram Reddy', 'vikram.reddy28@email.com', 'Pune', 'Maharashtra', '2022-08-13'),
  (29, 'Ishaan Kapoor', 'ishaan.kapoor29@email.com', 'Delhi', 'Delhi', '2022-02-18'),
  (30, 'Deepika Gupta', 'deepika.gupta30@email.com', 'Lucknow', 'Uttar Pradesh', '2022-06-13'),
  (31, 'Harish Iyer', 'harish.iyer31@email.com', 'Bhopal', 'Madhya Pradesh', '2022-03-07'),
  (32, 'Shreya Reddy', 'shreya.reddy32@email.com', 'Bhopal', 'Madhya Pradesh', '2023-04-25'),
  (33, 'Pooja Verma', 'pooja.verma33@email.com', 'Jaipur', 'Rajasthan', '2022-01-12'),
  (34, 'Harish Kumar', 'harish.kumar34@email.com', 'Lucknow', 'Uttar Pradesh', '2023-07-04'),
  (35, 'Swati Verma', 'swati.verma35@email.com', 'Lucknow', 'Uttar Pradesh', '2022-12-15'),
  (36, 'Deepika Tiwari', 'deepika.tiwari36@email.com', 'Kolkata', 'West Bengal', '2022-06-11'),
  (37, 'Anjali Sharma', 'anjali.sharma37@email.com', 'Surat', 'Gujarat', '2022-09-27'),
  (38, 'Pooja Joshi', 'pooja.joshi38@email.com', 'Jaipur', 'Rajasthan', '2022-04-19'),
  (39, 'Divya Tiwari', 'divya.tiwari39@email.com', 'Lucknow', 'Uttar Pradesh', '2023-06-04'),
  (40, 'Amit Mehta', 'amit.mehta40@email.com', 'Bengaluru', 'Karnataka', '2023-01-18'),
  (41, 'Swati Joshi', 'swati.joshi41@email.com', 'Jaipur', 'Rajasthan', '2023-06-28'),
  (42, 'Aarav Agarwal', 'aarav.agarwal42@email.com', 'Ahmedabad', 'Gujarat', '2022-01-20'),
  (43, 'Deepika Nair', 'deepika.nair43@email.com', 'Chennai', 'Tamil Nadu', '2022-09-03'),
  (44, 'Aditi Yadav', 'aditi.yadav44@email.com', 'Bhopal', 'Madhya Pradesh', '2022-03-22'),
  (45, 'Arjun Kapoor', 'arjun.kapoor45@email.com', 'Delhi', 'Delhi', '2023-06-30'),
  (46, 'Swati Gupta', 'swati.gupta46@email.com', 'Bengaluru', 'Karnataka', '2023-11-07'),
  (47, 'Kunal Joshi', 'kunal.joshi47@email.com', 'Chennai', 'Tamil Nadu', '2023-06-25'),
  (48, 'Amit Iyer', 'amit.iyer48@email.com', 'Hyderabad', 'Telangana', '2023-07-07'),
  (49, 'Swati Mehta', 'swati.mehta49@email.com', 'Surat', 'Gujarat', '2022-11-16'),
  (50, 'Shreya Nair', 'shreya.nair50@email.com', 'Ahmedabad', 'Gujarat', '2023-06-14'),
  (51, 'Anjali Kumar', 'anjali.kumar51@email.com', 'Hyderabad', 'Telangana', '2022-08-19'),
  (52, 'Arjun Agarwal', 'arjun.agarwal52@email.com', 'Mumbai', 'Maharashtra', '2023-08-26'),
  (53, 'Sanjay Yadav', 'sanjay.yadav53@email.com', 'Bhopal', 'Madhya Pradesh', '2022-08-14'),
  (54, 'Aarav Singh', 'aarav.singh54@email.com', 'Surat', 'Gujarat', '2023-10-09'),
  (55, 'Aditi Yadav', 'aditi.yadav55@email.com', 'Delhi', 'Delhi', '2022-02-02'),
  (56, 'Riya Singh', 'riya.singh56@email.com', 'Jaipur', 'Rajasthan', '2022-09-01'),
  (57, 'Priya Kapoor', 'priya.kapoor57@email.com', 'Hyderabad', 'Telangana', '2023-07-07'),
  (58, 'Ishaan Kapoor', 'ishaan.kapoor58@email.com', 'Hyderabad', 'Telangana', '2023-04-30'),
  (59, 'Vikram Mehta', 'vikram.mehta59@email.com', 'Delhi', 'Delhi', '2022-04-10'),
  (60, 'Harish Iyer', 'harish.iyer60@email.com', 'Pune', 'Maharashtra', '2023-03-10'),
  (61, 'Vikram Bose', 'vikram.bose61@email.com', 'Surat', 'Gujarat', '2022-02-25'),
  (62, 'Harish Kumar', 'harish.kumar62@email.com', 'Mumbai', 'Maharashtra', '2023-02-17'),
  (63, 'Nitin Agarwal', 'nitin.agarwal63@email.com', 'Delhi', 'Delhi', '2022-09-12'),
  (64, 'Manish Mehta', 'manish.mehta64@email.com', 'Jaipur', 'Rajasthan', '2023-04-05'),
  (65, 'Ishaan Iyer', 'ishaan.iyer65@email.com', 'Bengaluru', 'Karnataka', '2022-10-13'),
  (66, 'Anjali Yadav', 'anjali.yadav66@email.com', 'Delhi', 'Delhi', '2023-03-30'),
  (67, 'Sanjay Kumar', 'sanjay.kumar67@email.com', 'Mumbai', 'Maharashtra', '2023-10-30'),
  (68, 'Sanjay Sharma', 'sanjay.sharma68@email.com', 'Delhi', 'Delhi', '2022-08-31'),
  (69, 'Kavya Iyer', 'kavya.iyer69@email.com', 'Ahmedabad', 'Gujarat', '2023-05-08'),
  (70, 'Manish Reddy', 'manish.reddy70@email.com', 'Mumbai', 'Maharashtra', '2022-06-18'),
  (71, 'Shreya Sharma', 'shreya.sharma71@email.com', 'Kolkata', 'West Bengal', '2022-09-29'),
  (72, 'Anjali Tiwari', 'anjali.tiwari72@email.com', 'Kolkata', 'West Bengal', '2023-07-24'),
  (73, 'Harish Kapoor', 'harish.kapoor73@email.com', 'Bengaluru', 'Karnataka', '2022-07-14'),
  (74, 'Rahul Mehta', 'rahul.mehta74@email.com', 'Mumbai', 'Maharashtra', '2023-08-17'),
  (75, 'Nitin Patel', 'nitin.patel75@email.com', 'Surat', 'Gujarat', '2022-11-18'),
  (76, 'Aditi Patel', 'aditi.patel76@email.com', 'Bhopal', 'Madhya Pradesh', '2023-05-04'),
  (77, 'Pooja Joshi', 'pooja.joshi77@email.com', 'Mumbai', 'Maharashtra', '2023-06-05'),
  (78, 'Arjun Joshi', 'arjun.joshi78@email.com', 'Delhi', 'Delhi', '2023-09-02'),
  (79, 'Arjun Yadav', 'arjun.yadav79@email.com', 'Kolkata', 'West Bengal', '2022-05-03'),
  (80, 'Tanvi Yadav', 'tanvi.yadav80@email.com', 'Bhopal', 'Madhya Pradesh', '2023-09-01'),
  (81, 'Aditi Singh', 'aditi.singh81@email.com', 'Kolkata', 'West Bengal', '2023-11-05'),
  (82, 'Tanvi Agarwal', 'tanvi.agarwal82@email.com', 'Chennai', 'Tamil Nadu', '2022-07-29'),
  (83, 'Harish Agarwal', 'harish.agarwal83@email.com', 'Hyderabad', 'Telangana', '2022-09-29'),
  (84, 'Shreya Gupta', 'shreya.gupta84@email.com', 'Lucknow', 'Uttar Pradesh', '2023-10-23'),
  (85, 'Rahul Bose', 'rahul.bose85@email.com', 'Pune', 'Maharashtra', '2022-03-16'),
  (86, 'Aarav Bose', 'aarav.bose86@email.com', 'Bhopal', 'Madhya Pradesh', '2023-07-31'),
  (87, 'Deepika Singh', 'deepika.singh87@email.com', 'Jaipur', 'Rajasthan', '2022-08-07'),
  (88, 'Pooja Verma', 'pooja.verma88@email.com', 'Bengaluru', 'Karnataka', '2022-12-24'),
  (89, 'Arjun Yadav', 'arjun.yadav89@email.com', 'Pune', 'Maharashtra', '2022-10-19'),
  (90, 'Kavya Bose', 'kavya.bose90@email.com', 'Jaipur', 'Rajasthan', '2022-11-06'),
  (91, 'Amit Sharma', 'amit.sharma91@email.com', 'Lucknow', 'Uttar Pradesh', '2023-07-22'),
  (92, 'Rahul Kumar', 'rahul.kumar92@email.com', 'Bengaluru', 'Karnataka', '2022-09-28'),
  (93, 'Deepika Kumar', 'deepika.kumar93@email.com', 'Surat', 'Gujarat', '2023-07-21'),
  (94, 'Ishaan Verma', 'ishaan.verma94@email.com', 'Chennai', 'Tamil Nadu', '2023-09-12'),
  (95, 'Manish Agarwal', 'manish.agarwal95@email.com', 'Hyderabad', 'Telangana', '2023-10-12'),
  (96, 'Priya Kapoor', 'priya.kapoor96@email.com', 'Chennai', 'Tamil Nadu', '2022-02-22'),
  (97, 'Arjun Iyer', 'arjun.iyer97@email.com', 'Chennai', 'Tamil Nadu', '2022-02-15'),
  (98, 'Aarav Agarwal', 'aarav.agarwal98@email.com', 'Bengaluru', 'Karnataka', '2023-10-15'),
  (99, 'Priya Joshi', 'priya.joshi99@email.com', 'Surat', 'Gujarat', '2023-03-29'),
  (100, 'Sanjay Iyer', 'sanjay.iyer100@email.com', 'Jaipur', 'Rajasthan', '2022-01-10'),
  (101, 'Deepika Singh', 'deepika.singh101@email.com', 'Surat', 'Gujarat', '2022-06-02'),
  (102, 'Sanjay Patel', 'sanjay.patel102@email.com', 'Pune', 'Maharashtra', '2023-08-20'),
  (103, 'Sanjay Gupta', 'sanjay.gupta103@email.com', 'Kolkata', 'West Bengal', '2022-05-11'),
  (104, 'Aditi Tiwari', 'aditi.tiwari104@email.com', 'Pune', 'Maharashtra', '2022-02-10'),
  (105, 'Rohan Mehta', 'rohan.mehta105@email.com', 'Lucknow', 'Uttar Pradesh', '2022-09-13'),
  (106, 'Harish Kumar', 'harish.kumar106@email.com', 'Pune', 'Maharashtra', '2023-07-28'),
  (107, 'Vikram Gupta', 'vikram.gupta107@email.com', 'Hyderabad', 'Telangana', '2022-06-16'),
  (108, 'Kavya Iyer', 'kavya.iyer108@email.com', 'Mumbai', 'Maharashtra', '2022-07-03'),
  (109, 'Nitin Agarwal', 'nitin.agarwal109@email.com', 'Kolkata', 'West Bengal', '2023-11-17'),
  (110, 'Nitin Yadav', 'nitin.yadav110@email.com', 'Chennai', 'Tamil Nadu', '2022-06-13'),
  (111, 'Meera Kumar', 'meera.kumar111@email.com', 'Kolkata', 'West Bengal', '2022-02-09'),
  (112, 'Kunal Yadav', 'kunal.yadav112@email.com', 'Hyderabad', 'Telangana', '2023-04-17'),
  (113, 'Rohan Tiwari', 'rohan.tiwari113@email.com', 'Hyderabad', 'Telangana', '2022-08-17'),
  (114, 'Aarav Mehta', 'aarav.mehta114@email.com', 'Kolkata', 'West Bengal', '2022-12-03'),
  (115, 'Priya Singh', 'priya.singh115@email.com', 'Chennai', 'Tamil Nadu', '2022-12-26'),
  (116, 'Divya Reddy', 'divya.reddy116@email.com', 'Lucknow', 'Uttar Pradesh', '2023-07-04'),
  (117, 'Riya Sharma', 'riya.sharma117@email.com', 'Delhi', 'Delhi', '2022-09-25'),
  (118, 'Kavya Verma', 'kavya.verma118@email.com', 'Mumbai', 'Maharashtra', '2022-04-22'),
  (119, 'Amit Iyer', 'amit.iyer119@email.com', 'Pune', 'Maharashtra', '2022-11-18'),
  (120, 'Vikram Kumar', 'vikram.kumar120@email.com', 'Kolkata', 'West Bengal', '2023-08-14'),
  (121, 'Manish Verma', 'manish.verma121@email.com', 'Mumbai', 'Maharashtra', '2023-03-23'),
  (122, 'Aarav Mehta', 'aarav.mehta122@email.com', 'Pune', 'Maharashtra', '2023-03-18'),
  (123, 'Arjun Agarwal', 'arjun.agarwal123@email.com', 'Bhopal', 'Madhya Pradesh', '2022-11-18'),
  (124, 'Harish Kumar', 'harish.kumar124@email.com', 'Surat', 'Gujarat', '2022-11-04'),
  (125, 'Pooja Tiwari', 'pooja.tiwari125@email.com', 'Lucknow', 'Uttar Pradesh', '2023-02-23'),
  (126, 'Riya Reddy', 'riya.reddy126@email.com', 'Surat', 'Gujarat', '2022-10-30'),
  (127, 'Sanjay Gupta', 'sanjay.gupta127@email.com', 'Hyderabad', 'Telangana', '2023-03-07'),
  (128, 'Harish Reddy', 'harish.reddy128@email.com', 'Lucknow', 'Uttar Pradesh', '2022-06-28'),
  (129, 'Amit Tiwari', 'amit.tiwari129@email.com', 'Kolkata', 'West Bengal', '2023-07-16'),
  (130, 'Aarav Tiwari', 'aarav.tiwari130@email.com', 'Chennai', 'Tamil Nadu', '2022-08-04'),
  (131, 'Vikram Agarwal', 'vikram.agarwal131@email.com', 'Ahmedabad', 'Gujarat', '2023-03-29'),
  (132, 'Anjali Mehta', 'anjali.mehta132@email.com', 'Jaipur', 'Rajasthan', '2023-04-30'),
  (133, 'Nitin Joshi', 'nitin.joshi133@email.com', 'Lucknow', 'Uttar Pradesh', '2022-03-28'),
  (134, 'Rahul Agarwal', 'rahul.agarwal134@email.com', 'Delhi', 'Delhi', '2022-08-29'),
  (135, 'Harish Tiwari', 'harish.tiwari135@email.com', 'Hyderabad', 'Telangana', '2022-07-23'),
  (136, 'Ishaan Sharma', 'ishaan.sharma136@email.com', 'Mumbai', 'Maharashtra', '2022-09-08'),
  (137, 'Kunal Singh', 'kunal.singh137@email.com', 'Ahmedabad', 'Gujarat', '2023-03-01'),
  (138, 'Divya Mehta', 'divya.mehta138@email.com', 'Surat', 'Gujarat', '2023-01-29'),
  (139, 'Kunal Reddy', 'kunal.reddy139@email.com', 'Hyderabad', 'Telangana', '2022-06-01'),
  (140, 'Divya Sharma', 'divya.sharma140@email.com', 'Delhi', 'Delhi', '2023-03-12'),
  (141, 'Neha Joshi', 'neha.joshi141@email.com', 'Surat', 'Gujarat', '2023-06-15'),
  (142, 'Anjali Patel', 'anjali.patel142@email.com', 'Jaipur', 'Rajasthan', '2022-09-13'),
  (143, 'Deepika Bose', 'deepika.bose143@email.com', 'Bengaluru', 'Karnataka', '2023-04-21'),
  (144, 'Harish Agarwal', 'harish.agarwal144@email.com', 'Ahmedabad', 'Gujarat', '2023-09-20'),
  (145, 'Nitin Iyer', 'nitin.iyer145@email.com', 'Jaipur', 'Rajasthan', '2023-04-02'),
  (146, 'Kavya Kapoor', 'kavya.kapoor146@email.com', 'Ahmedabad', 'Gujarat', '2022-09-23'),
  (147, 'Swati Yadav', 'swati.yadav147@email.com', 'Lucknow', 'Uttar Pradesh', '2022-10-11'),
  (148, 'Swati Kapoor', 'swati.kapoor148@email.com', 'Lucknow', 'Uttar Pradesh', '2022-09-02'),
  (149, 'Priya Bose', 'priya.bose149@email.com', 'Delhi', 'Delhi', '2022-10-20'),
  (150, 'Neha Verma', 'neha.verma150@email.com', 'Pune', 'Maharashtra', '2022-11-24'),
  (151, 'Sanjay Singh', 'sanjay.singh151@email.com', 'Bengaluru', 'Karnataka', '2022-06-04'),
  (152, 'Neha Reddy', 'neha.reddy152@email.com', 'Surat', 'Gujarat', '2022-06-06'),
  (153, 'Meera Mehta', 'meera.mehta153@email.com', 'Delhi', 'Delhi', '2023-03-01'),
  (154, 'Vikram Agarwal', 'vikram.agarwal154@email.com', 'Jaipur', 'Rajasthan', '2023-04-23'),
  (155, 'Vikram Patel', 'vikram.patel155@email.com', 'Hyderabad', 'Telangana', '2023-03-07'),
  (156, 'Shreya Sharma', 'shreya.sharma156@email.com', 'Bhopal', 'Madhya Pradesh', '2023-01-25'),
  (157, 'Kunal Sharma', 'kunal.sharma157@email.com', 'Pune', 'Maharashtra', '2022-11-02'),
  (158, 'Swati Reddy', 'swati.reddy158@email.com', 'Kolkata', 'West Bengal', '2023-07-06'),
  (159, 'Nitin Yadav', 'nitin.yadav159@email.com', 'Ahmedabad', 'Gujarat', '2022-08-13'),
  (160, 'Priya Iyer', 'priya.iyer160@email.com', 'Ahmedabad', 'Gujarat', '2022-01-30'),
  (161, 'Shreya Agarwal', 'shreya.agarwal161@email.com', 'Lucknow', 'Uttar Pradesh', '2023-11-27'),
  (162, 'Shreya Joshi', 'shreya.joshi162@email.com', 'Ahmedabad', 'Gujarat', '2022-05-11'),
  (163, 'Amit Sharma', 'amit.sharma163@email.com', 'Kolkata', 'West Bengal', '2023-08-30'),
  (164, 'Tanvi Sharma', 'tanvi.sharma164@email.com', 'Delhi', 'Delhi', '2023-10-21'),
  (165, 'Vikram Gupta', 'vikram.gupta165@email.com', 'Ahmedabad', 'Gujarat', '2022-07-06'),
  (166, 'Aditi Verma', 'aditi.verma166@email.com', 'Kolkata', 'West Bengal', '2022-12-02'),
  (167, 'Manish Bose', 'manish.bose167@email.com', 'Pune', 'Maharashtra', '2022-12-12'),
  (168, 'Swati Reddy', 'swati.reddy168@email.com', 'Chennai', 'Tamil Nadu', '2023-03-08'),
  (169, 'Priya Singh', 'priya.singh169@email.com', 'Ahmedabad', 'Gujarat', '2022-01-20'),
  (170, 'Nitin Patel', 'nitin.patel170@email.com', 'Pune', 'Maharashtra', '2022-08-18'),
  (171, 'Divya Singh', 'divya.singh171@email.com', 'Lucknow', 'Uttar Pradesh', '2022-02-11'),
  (172, 'Swati Sharma', 'swati.sharma172@email.com', 'Hyderabad', 'Telangana', '2022-07-24'),
  (173, 'Aarav Gupta', 'aarav.gupta173@email.com', 'Hyderabad', 'Telangana', '2022-05-10'),
  (174, 'Kunal Kumar', 'kunal.kumar174@email.com', 'Bhopal', 'Madhya Pradesh', '2022-08-12'),
  (175, 'Anjali Verma', 'anjali.verma175@email.com', 'Pune', 'Maharashtra', '2022-06-21'),
  (176, 'Amit Kumar', 'amit.kumar176@email.com', 'Bengaluru', 'Karnataka', '2022-11-15'),
  (177, 'Deepika Sharma', 'deepika.sharma177@email.com', 'Chennai', 'Tamil Nadu', '2023-08-13'),
  (178, 'Harish Reddy', 'harish.reddy178@email.com', 'Kolkata', 'West Bengal', '2022-07-23'),
  (179, 'Arjun Yadav', 'arjun.yadav179@email.com', 'Delhi', 'Delhi', '2022-11-05'),
  (180, 'Harish Kumar', 'harish.kumar180@email.com', 'Bhopal', 'Madhya Pradesh', '2022-02-12'),
  (181, 'Rohan Iyer', 'rohan.iyer181@email.com', 'Lucknow', 'Uttar Pradesh', '2023-01-15'),
  (182, 'Arjun Agarwal', 'arjun.agarwal182@email.com', 'Mumbai', 'Maharashtra', '2023-03-07'),
  (183, 'Kunal Kumar', 'kunal.kumar183@email.com', 'Kolkata', 'West Bengal', '2023-01-06'),
  (184, 'Divya Bose', 'divya.bose184@email.com', 'Surat', 'Gujarat', '2022-06-06'),
  (185, 'Vikram Joshi', 'vikram.joshi185@email.com', 'Surat', 'Gujarat', '2023-06-19'),
  (186, 'Divya Verma', 'divya.verma186@email.com', 'Bhopal', 'Madhya Pradesh', '2023-07-06'),
  (187, 'Swati Kapoor', 'swati.kapoor187@email.com', 'Ahmedabad', 'Gujarat', '2023-03-23'),
  (188, 'Nitin Verma', 'nitin.verma188@email.com', 'Pune', 'Maharashtra', '2022-09-09'),
  (189, 'Arjun Verma', 'arjun.verma189@email.com', 'Ahmedabad', 'Gujarat', '2022-09-07'),
  (190, 'Swati Bose', 'swati.bose190@email.com', 'Bhopal', 'Madhya Pradesh', '2023-09-17'),
  (191, 'Harish Reddy', 'harish.reddy191@email.com', 'Pune', 'Maharashtra', '2022-01-30'),
  (192, 'Kunal Agarwal', 'kunal.agarwal192@email.com', 'Bengaluru', 'Karnataka', '2023-05-15'),
  (193, 'Manish Nair', 'manish.nair193@email.com', 'Chennai', 'Tamil Nadu', '2022-12-15'),
  (194, 'Priya Verma', 'priya.verma194@email.com', 'Jaipur', 'Rajasthan', '2022-01-11'),
  (195, 'Pooja Mehta', 'pooja.mehta195@email.com', 'Delhi', 'Delhi', '2022-09-05'),
  (196, 'Nitin Iyer', 'nitin.iyer196@email.com', 'Ahmedabad', 'Gujarat', '2023-07-23'),
  (197, 'Swati Yadav', 'swati.yadav197@email.com', 'Surat', 'Gujarat', '2023-05-03'),
  (198, 'Divya Kapoor', 'divya.kapoor198@email.com', 'Ahmedabad', 'Gujarat', '2022-01-18'),
  (199, 'Arjun Tiwari', 'arjun.tiwari199@email.com', 'Hyderabad', 'Telangana', '2023-02-19'),
  (200, 'Meera Yadav', 'meera.yadav200@email.com', 'Chennai', 'Tamil Nadu', '2023-11-11');

INSERT INTO products (product_id, product_name, category_id, price, stock_qty) VALUES
  (1, 'Wireless Bluetooth Earbuds', 1, 1299, 150),
  (2, 'USB-C Fast Charger', 1, 599, 300),
  (3, 'Mechanical Keyboard', 1, 2499, 80),
  (4, 'HD Webcam 1080p', 1, 1899, 60),
  (5, 'Portable Power Bank 20000mAh', 1, 1499, 200),
  (6, 'Smart LED Desk Lamp', 1, 799, 120),
  (7, 'Men''s Casual T-Shirt', 2, 399, 500),
  (8, 'Women''s Kurti Set', 2, 899, 350),
  (9, 'Denim Jeans (Unisex)', 2, 1299, 250),
  (10, 'Sports Track Pants', 2, 699, 300),
  (11, 'Winter Hoodie', 2, 1199, 180),
  (12, 'Cotton Formal Shirt', 2, 799, 220),
  (13, 'Non-Stick Cookware Set', 3, 1999, 90),
  (14, 'Electric Kettle 1.5L', 3, 849, 160),
  (15, 'Stainless Steel Water Bottle', 3, 449, 400),
  (16, 'Bamboo Cutting Board', 3, 349, 250),
  (17, 'Air Fryer 4L', 3, 3499, 55),
  (18, 'Mixer Grinder 750W', 3, 2299, 70),
  (19, 'Yoga Mat Anti-Slip', 4, 699, 200),
  (20, 'Resistance Bands Set', 4, 499, 350),
  (21, 'Adjustable Dumbbell Set', 4, 2999, 40),
  (22, 'Skipping Rope', 4, 249, 500),
  (23, 'Cycling Helmet', 4, 1599, 75),
  (24, 'Badminton Racket Set', 4, 899, 110),
  (25, 'Python for Data Analysis', 5, 599, 300),
  (26, 'SQL in 10 Minutes', 5, 399, 250),
  (27, 'The Pragmatic Programmer', 5, 699, 180),
  (28, 'Clean Code', 5, 649, 160),
  (29, 'Data Science Handbook', 5, 799, 200),
  (30, 'Machine Learning Basics', 5, 549, 220),
  (31, 'Vitamin C Face Serum', 6, 599, 280),
  (32, 'Sunscreen SPF 50', 6, 449, 350),
  (33, 'Hair Growth Oil', 6, 399, 300),
  (34, 'Moisturizing Face Cream', 6, 349, 400),
  (35, 'Lip Balm Set of 6', 6, 199, 600),
  (36, 'Beard Grooming Kit', 6, 799, 150);

INSERT INTO orders (order_id, customer_id, order_date, status, total_amount) VALUES
  (1,1,'2023-07-08','shipped',4193),
  (2,1,'2024-01-29','delivered',3797),
  (3,2,'2022-08-21','delivered',4494),
  (4,2,'2023-02-28','delivered',9796),
  (5,2,'2024-04-12','delivered',5393),
  (6,3,'2024-08-01','cancelled',7940),
  (7,3,'2024-11-07','delivered',5792),
  (8,4,'2023-04-29','delivered',5343),
  (9,4,'2024-04-24','delivered',4745),
  (10,4,'2024-05-30','delivered',9640),
  (11,4,'2024-09-16','processing',8997),
  (12,5,'2023-11-30','delivered',5297),
  (13,6,'2023-12-15','delivered',7292),
  (14,7,'2023-07-24','delivered',5541),
  (15,7,'2024-09-04','processing',11092),
  (16,8,'2023-10-02','cancelled',8292),
  (17,8,'2024-04-22','delivered',8393),
  (18,8,'2024-08-15','cancelled',3943),
  (19,9,'2023-03-31','delivered',1698),
  (20,9,'2023-08-30','delivered',4491),
  (21,9,'2024-06-23','delivered',449),
  (22,10,'2023-12-30','cancelled',3444),
  (23,10,'2024-09-16','cancelled',4243),
  (24,11,'2024-07-31','delivered',2445),
  (25,12,'2023-07-08','delivered',6090),
  (26,12,'2024-11-20','delivered',1647),
  (27,13,'2024-10-21','cancelled',9041),
  (28,14,'2022-06-02','shipped',9891),
  (29,14,'2023-07-04','delivered',8392),
  (30,14,'2023-10-14','shipped',1047),
  (31,14,'2024-03-29','processing',649),
  (32,14,'2024-12-08','delivered',11595),
  (33,15,'2022-08-25','shipped',7991),
  (34,15,'2023-02-03','delivered',14142),
  (35,15,'2024-08-10','delivered',5895),
  (36,16,'2023-03-12','delivered',3194),
  (37,16,'2024-07-11','shipped',13789),
  (38,17,'2024-05-21','processing',998),
  (39,18,'2023-11-09','delivered',1398),
  (40,18,'2024-04-14','delivered',3294),
  (41,19,'2024-03-22','cancelled',3494),
  (42,20,'2023-07-04','cancelled',12890),
  (43,20,'2024-06-15','delivered',3543),
  (44,21,'2024-07-20','delivered',5594),
  (45,21,'2024-10-06','delivered',2845),
  (46,22,'2023-12-19','delivered',1347),
  (47,23,'2022-11-17','processing',3544),
  (48,23,'2023-10-23','processing',6896),
  (49,23,'2024-10-22','delivered',3798),
  (50,24,'2023-01-23','cancelled',2147),
  (51,24,'2023-06-28','cancelled',2797),
  (52,24,'2024-06-29','cancelled',1299),
  (53,25,'2024-09-16','delivered',1598),
  (54,25,'2024-12-10','processing',8790),
  (55,26,'2023-10-19','shipped',698),
  (56,26,'2024-11-24','delivered',1198),
  (57,27,'2024-05-29','processing',10393),
  (58,28,'2023-03-26','shipped',2395),
  (59,28,'2024-06-22','cancelled',2247),
  (60,29,'2022-10-10','delivered',5998),
  (61,29,'2023-11-09','delivered',2797),
  (62,29,'2024-03-07','processing',11991),
  (63,30,'2023-02-08','delivered',7092),
  (64,30,'2024-02-13','delivered',4395),
  (65,31,'2023-01-24','delivered',9591),
  (66,31,'2023-03-27','delivered',4896),
  (67,31,'2023-05-30','processing',2596),
  (68,31,'2024-01-09','delivered',7195),
  (69,31,'2024-06-21','delivered',8143),
  (70,32,'2023-10-17','processing',5143),
  (71,32,'2024-04-29','delivered',7697),
  (72,33,'2023-02-28','delivered',5694),
  (73,33,'2023-12-25','shipped',8395),
  (74,34,'2024-05-23','delivered',4193),
  (75,35,'2023-02-28','delivered',698),
  (76,35,'2023-12-20','shipped',798),
  (77,35,'2024-06-08','delivered',4896),
  (78,36,'2023-10-17','cancelled',2996),
  (79,36,'2024-02-22','shipped',6095),
  (80,37,'2023-10-10','shipped',5995),
  (81,38,'2023-03-17','delivered',4295),
  (82,38,'2023-10-13','cancelled',5793),
  (83,39,'2024-02-19','cancelled',9596),
  (84,40,'2023-04-10','cancelled',3595),
  (85,40,'2024-01-30','shipped',3196),
  (86,41,'2024-09-04','processing',6042),
  (87,42,'2023-02-24','cancelled',3144),
  (88,42,'2024-07-10','delivered',6293),
  (89,43,'2023-09-11','processing',1947),
  (90,43,'2023-11-20','delivered',2696),
  (91,43,'2024-03-10','delivered',2593),
  (92,44,'2023-02-20','delivered',5994),
  (93,44,'2024-03-31','delivered',1398),
  (94,45,'2024-06-06','delivered',3292),
  (95,47,'2024-08-26','delivered',16792),
  (96,48,'2024-08-04','cancelled',699),
  (97,49,'2024-03-23','shipped',2247),
  (98,50,'2024-02-11','delivered',3145),
  (99,51,'2023-11-21','processing',11493),
  (100,52,'2024-05-11','shipped',799),
  (101,52,'2024-10-15','cancelled',1947),
  (102,53,'2022-11-14','delivered',1248),
  (103,53,'2023-12-02','shipped',1197),
  (104,54,'2024-04-05','delivered',1599),
  (105,55,'2023-02-07','processing',698),
  (106,55,'2024-07-02','shipped',1198),
  (107,56,'2023-04-10','delivered',1599),
  (108,56,'2023-10-09','processing',249),
  (109,56,'2024-04-26','shipped',3545),
  (110,57,'2023-08-24','delivered',6497),
  (111,57,'2024-07-06','delivered',16892),
  (112,57,'2024-10-26','cancelled',2895),
  (113,58,'2023-12-04','cancelled',5293),
  (114,58,'2024-02-10','delivered',4194),
  (115,58,'2024-11-23','delivered',13243),
  (116,59,'2023-09-09','delivered',3298),
  (117,59,'2024-11-25','processing',10793),
  (118,60,'2023-10-16','delivered',3897),
  (119,60,'2024-07-06','delivered',3144),
  (120,61,'2022-08-08','cancelled',4794),
  (121,61,'2022-11-15','cancelled',799),
  (122,62,'2024-05-06','processing',9393),
  (123,63,'2023-11-22','delivered',2898),
  (124,63,'2024-02-21','delivered',3745),
  (125,63,'2024-11-04','processing',6892),
  (126,64,'2023-07-09','cancelled',4546),
  (127,64,'2024-04-29','delivered',12293),
  (128,64,'2024-09-29','delivered',3393),
  (129,65,'2023-02-07','processing',6693),
  (130,65,'2024-02-23','delivered',3792),
  (131,65,'2024-09-28','delivered',1899),
  (132,66,'2024-01-01','delivered',2595),
  (133,68,'2022-12-05','cancelled',2395),
  (134,68,'2023-05-20','delivered',1497),
  (135,68,'2024-10-07','shipped',15742),
  (136,69,'2024-02-16','delivered',1197),
  (137,70,'2022-11-05','shipped',9141),
  (138,70,'2023-06-14','shipped',798),
  (139,70,'2024-10-09','delivered',9194),
  (140,71,'2023-08-08','delivered',1797),
  (141,71,'2024-11-13','shipped',5194),
  (142,72,'2024-09-12','delivered',1596),
  (143,72,'2024-10-21','delivered',3293),
  (144,73,'2022-11-04','delivered',2292),
  (145,73,'2023-08-27','cancelled',1798),
  (146,73,'2024-04-25','shipped',14091),
  (147,74,'2024-07-10','delivered',2146),
  (148,75,'2023-10-07','processing',1999),
  (149,76,'2024-01-03','delivered',6840),
  (150,76,'2024-10-26','delivered',2745),
  (151,77,'2024-06-15','cancelled',7893),
  (152,78,'2024-10-30','delivered',6896),
  (153,79,'2022-10-27','delivered',6393),
  (154,79,'2024-04-11','delivered',9492),
  (155,79,'2024-08-08','delivered',6744),
  (156,80,'2023-10-27','delivered',5043),
  (157,80,'2024-09-10','processing',10395),
  (158,81,'2024-11-02','shipped',5197),
  (159,82,'2023-10-30','delivered',12491),
  (160,83,'2023-06-18','processing',5095),
  (161,83,'2024-07-26','delivered',3345),
  (162,83,'2024-12-01','shipped',6293),
  (163,85,'2022-04-18','delivered',10739),
  (164,85,'2022-09-14','processing',5395),
  (165,85,'2023-11-05','shipped',4295),
  (166,85,'2024-08-07','delivered',6192),
  (167,86,'2024-05-26','processing',9093),
  (168,87,'2022-11-29','delivered',6442),
  (169,87,'2023-09-18','delivered',8592),
  (170,87,'2024-10-18','delivered',4998),
  (171,88,'2023-10-27','delivered',599),
  (172,88,'2024-07-13','delivered',3196),
  (173,89,'2022-12-29','processing',4296),
  (174,89,'2023-11-29','delivered',3796),
  (175,89,'2024-09-25','shipped',6493),
  (176,89,'2024-11-09','cancelled',5493),
  (177,90,'2023-06-29','delivered',1048),
  (178,91,'2023-12-18','cancelled',5543),
  (179,91,'2024-08-28','delivered',9692),
  (180,92,'2024-03-08','delivered',9492),
  (181,93,'2024-10-27','delivered',6993),
  (182,94,'2024-04-27','delivered',2995),
  (183,95,'2023-12-07','delivered',9094),
  (184,96,'2022-07-10','delivered',599),
  (185,97,'2023-06-28','delivered',4992),
  (186,97,'2024-01-01','delivered',8543),
  (187,97,'2024-11-04','cancelled',3195),
  (188,98,'2024-04-13','delivered',1845),
  (189,99,'2023-09-06','cancelled',9392),
  (190,99,'2024-02-24','shipped',349),
  (191,100,'2023-03-07','delivered',7643),
  (192,101,'2023-05-14','processing',4043),
  (193,102,'2024-06-19','delivered',1197),
  (194,103,'2022-08-03','delivered',7044),
  (195,103,'2023-11-10','delivered',5093),
  (196,103,'2024-12-16','delivered',7793),
  (197,104,'2023-02-01','delivered',2945),
  (198,105,'2024-01-14','shipped',449),
  (199,105,'2024-12-09','delivered',4497),
  (200,106,'2023-11-26','cancelled',4194),
  (201,107,'2023-04-30','delivered',5840),
  (202,107,'2023-07-25','delivered',3942),
  (203,107,'2024-06-12','delivered',4543),
  (204,108,'2023-09-01','shipped',3795),
  (205,108,'2024-10-17','delivered',3295),
  (206,109,'2024-02-07','delivered',1598),
  (207,110,'2022-09-03','delivered',4797),
  (208,110,'2023-07-31','shipped',4495),
  (209,111,'2022-12-28','shipped',2997),
  (210,111,'2023-07-06','delivered',5396),
  (211,111,'2024-02-12','delivered',1798),
  (212,112,'2024-03-16','shipped',1347),
  (213,113,'2023-03-05','cancelled',7940),
  (214,113,'2023-12-15','delivered',9795),
  (215,114,'2023-06-17','delivered',4793),
  (216,114,'2023-12-10','processing',1647),
  (217,114,'2024-08-31','cancelled',4494),
  (218,115,'2024-01-26','delivered',9489),
  (219,115,'2024-05-07','cancelled',3793),
  (220,115,'2024-09-29','processing',798),
  (221,116,'2023-08-08','delivered',3591),
  (222,116,'2024-02-25','delivered',1896),
  (223,117,'2023-03-25','delivered',2697),
  (224,117,'2023-10-22','delivered',3494),
  (225,118,'2023-05-26','processing',15993),
  (226,118,'2024-06-03','cancelled',1396),
  (227,118,'2024-12-24','shipped',4691),
  (228,119,'2023-08-05','shipped',7942),
  (229,119,'2024-01-30','delivered',7443),
  (230,120,'2024-07-14','delivered',10989),
  (231,120,'2024-11-24','processing',4797),
  (232,121,'2024-04-11','delivered',7041),
  (233,122,'2023-12-23','delivered',10595),
  (234,123,'2024-04-18','delivered',12690),
  (235,124,'2023-08-11','delivered',599),
  (236,124,'2023-10-18','delivered',1597),
  (237,125,'2023-12-31','shipped',1798),
  (238,126,'2023-09-02','cancelled',2397),
  (239,126,'2024-05-18','delivered',5996),
  (240,127,'2023-11-16','cancelled',349),
  (241,128,'2023-10-11','processing',12540),
  (242,128,'2024-03-28','delivered',4795),
  (243,129,'2024-01-03','cancelled',2346),
  (244,130,'2023-09-27','cancelled',6692),
  (245,130,'2024-05-16','shipped',3894),
  (246,131,'2024-03-18','processing',2296),
  (247,131,'2024-10-19','delivered',4943),
  (248,131,'2024-12-02','delivered',5294),
  (249,132,'2023-08-19','cancelled',13094),
  (250,132,'2023-10-20','delivered',2795),
  (251,132,'2024-08-01','delivered',2045),
  (252,132,'2024-08-21','processing',3746),
  (253,132,'2024-12-08','processing',798),
  (254,133,'2022-07-06','delivered',6594),
  (255,133,'2023-05-30','processing',3996),
  (256,133,'2024-10-15','delivered',7041),
  (257,134,'2023-03-08','cancelled',3346),
  (258,134,'2024-01-31','shipped',5841),
  (259,135,'2023-01-20','processing',698),
  (260,135,'2023-05-21','delivered',8642),
  (261,135,'2024-01-31','shipped',5096),
  (262,135,'2024-03-01','delivered',10695),
  (263,136,'2023-05-12','processing',8793),
  (264,136,'2024-11-01','cancelled',9395),
  (265,137,'2024-04-07','cancelled',2597),
  (266,137,'2024-12-24','shipped',1497),
  (267,138,'2024-02-25','delivered',2398),
  (268,139,'2022-09-24','delivered',4097),
  (269,139,'2023-04-20','shipped',10497),
  (270,139,'2024-06-02','delivered',6992),
  (271,139,'2024-11-14','cancelled',899),
  (272,140,'2024-06-23','cancelled',349),
  (273,141,'2024-01-27','delivered',9894),
  (274,141,'2024-07-27','delivered',4397),
  (275,142,'2023-06-27','processing',799),
  (276,142,'2023-10-09','delivered',1098),
  (277,143,'2023-07-04','shipped',13789),
  (278,143,'2024-04-12','delivered',3445),
  (279,143,'2024-12-29','processing',249),
  (280,144,'2023-12-12','delivered',1148),
  (281,144,'2024-03-18','delivered',2445),
  (282,145,'2024-02-23','delivered',5694),
  (283,145,'2024-10-24','processing',2096),
  (284,146,'2023-04-03','delivered',6945),
  (285,146,'2023-06-30','delivered',10142),
  (286,146,'2024-04-16','delivered',799),
  (287,147,'2023-02-28','cancelled',4043),
  (288,148,'2023-02-12','cancelled',2395),
  (289,148,'2023-09-12','delivered',3896),
  (290,148,'2024-05-25','processing',3499),
  (291,148,'2024-07-14','delivered',4045),
  (292,149,'2023-07-31','delivered',7143),
  (293,149,'2023-09-20','shipped',2745),
  (294,149,'2024-01-05','delivered',6593),
  (295,150,'2023-07-07','cancelled',3142),
  (296,151,'2022-11-19','delivered',8997),
  (297,151,'2023-01-16','cancelled',5944),
  (298,151,'2023-04-12','delivered',7096),
  (299,151,'2024-03-14','cancelled',16889),
  (300,152,'2023-11-03','shipped',6895),
  (301,152,'2024-08-17','delivered',1899),
  (302,152,'2024-10-09','shipped',7942),
  (303,152,'2024-11-11','delivered',2147),
  (304,153,'2024-01-25','delivered',12094),
  (305,154,'2023-08-20','processing',5092),
  (306,154,'2023-12-15','delivered',1197),
  (307,154,'2024-04-05','shipped',2594),
  (308,154,'2024-08-28','delivered',3695),
  (309,155,'2023-10-02','delivered',1299),
  (310,155,'2024-07-16','processing',5992),
  (311,156,'2023-05-18','delivered',4998),
  (312,156,'2023-11-14','delivered',2998),
  (313,157,'2023-02-22','processing',799),
  (314,157,'2024-02-19','shipped',4995),
  (315,158,'2024-07-08','delivered',7592),
  (316,158,'2024-12-10','delivered',6942),
  (317,159,'2022-09-25','delivered',2197),
  (318,159,'2023-12-24','delivered',6393),
  (319,160,'2022-10-15','delivered',12394),
  (320,160,'2023-01-22','cancelled',2397),
  (321,160,'2024-05-08','shipped',10439),
  (322,161,'2024-08-26','delivered',1197),
  (323,162,'2022-08-10','cancelled',5695),
  (324,162,'2023-01-30','cancelled',13496),
  (325,162,'2023-09-11','shipped',12541),
  (326,163,'2023-11-25','delivered',1896),
  (327,165,'2023-10-28','delivered',2246),
  (328,165,'2024-03-15','shipped',4892),
  (329,165,'2024-05-26','delivered',8843),
  (330,165,'2024-09-15','delivered',9894),
  (331,166,'2024-02-25','delivered',5994),
  (332,166,'2024-07-09','cancelled',799),
  (333,167,'2023-05-18','delivered',16191),
  (334,168,'2023-08-08','delivered',5393),
  (335,169,'2022-03-05','delivered',3597),
  (336,169,'2023-06-28','delivered',7145),
  (337,169,'2023-09-26','cancelled',599),
  (338,169,'2024-09-04','cancelled',898),
  (339,170,'2023-04-21','delivered',10643),
  (340,170,'2024-09-05','shipped',8988),
  (341,171,'2022-11-14','delivered',26391),
  (342,171,'2023-04-12','delivered',6495),
  (343,172,'2023-07-24','delivered',9494),
  (344,173,'2022-12-01','processing',1795),
  (345,173,'2023-07-21','cancelled',2397),
  (346,173,'2023-12-08','processing',3445),
  (347,173,'2024-05-30','processing',3943),
  (348,174,'2023-05-09','delivered',599),
  (349,174,'2023-09-26','cancelled',5345),
  (350,175,'2022-10-02','delivered',2945),
  (351,175,'2023-04-17','processing',2598),
  (352,175,'2023-09-21','cancelled',1648),
  (353,175,'2024-10-19','delivered',6942),
  (354,176,'2024-03-15','delivered',5694),
  (355,177,'2024-09-01','delivered',6292),
  (356,177,'2024-11-09','cancelled',998),
  (357,178,'2023-04-01','processing',947),
  (358,178,'2024-09-03','cancelled',8690),
  (359,178,'2024-12-11','delivered',1797),
  (360,179,'2023-10-05','delivered',599),
  (361,180,'2022-10-27','delivered',1598),
  (362,180,'2024-01-04','delivered',4095),
  (363,181,'2023-12-29','shipped',3294),
  (364,181,'2024-06-20','delivered',449),
  (365,182,'2024-06-04','shipped',3897),
  (366,183,'2024-05-16','delivered',6791),
  (367,184,'2023-08-09','shipped',798),
  (368,184,'2024-05-12','delivered',3246),
  (369,185,'2024-02-22','processing',399),
  (370,186,'2024-07-09','processing',5295),
  (371,187,'2023-10-29','cancelled',4194),
  (372,187,'2024-12-19','cancelled',7892),
  (373,188,'2024-01-18','shipped',9790),
  (374,188,'2024-10-22','delivered',1398),
  (375,188,'2024-12-13','delivered',5942),
  (376,189,'2023-05-16','processing',6594),
  (377,189,'2023-10-03','cancelled',3897),
  (378,190,'2024-12-26','delivered',3447),
  (379,191,'2022-03-26','shipped',2197),
  (380,191,'2022-12-11','delivered',13091),
  (381,191,'2023-02-18','delivered',15389),
  (382,191,'2024-02-20','delivered',9340),
  (383,192,'2024-06-14','delivered',1197),
  (384,192,'2024-07-28','delivered',4144),
  (385,193,'2023-09-23','delivered',9194),
  (386,193,'2024-01-14','cancelled',13140),
  (387,193,'2024-04-03','shipped',1598),
  (388,194,'2023-05-29','shipped',3397),
  (389,194,'2024-04-07','delivered',5944),
  (390,195,'2023-12-10','processing',9343),
  (391,196,'2024-12-05','processing',3594),
  (392,197,'2024-06-25','delivered',2644),
  (393,197,'2024-11-09','delivered',3998),
  (394,198,'2023-02-01','delivered',3996),
  (395,198,'2023-08-22','cancelled',5341),
  (396,198,'2024-12-29','delivered',13193),
  (397,199,'2024-06-29','processing',4494),
  (398,199,'2024-10-26','delivered',599),
  (399,200,'2024-02-15','delivered',4695);

INSERT INTO order_items (item_id, order_id, product_id, quantity, unit_price) VALUES
  (1,1,28,2,649),
  (2,1,36,3,799),
  (3,1,22,2,249),
  (4,2,8,2,899),
  (5,2,13,1,1999),
  (6,3,18,1,2299),
  (7,3,34,2,349),
  (8,3,19,1,699),
  (9,3,7,2,399),
  (10,4,18,1,2299),
  (11,4,3,3,2499),
  (12,5,7,2,399),
  (13,5,1,2,1299),
  (14,5,19,2,699),
  (15,5,31,1,599),
  (16,6,8,1,899),
  (17,6,5,3,1499),
  (18,6,26,3,399),
  (19,6,32,3,449),
  (20,7,6,3,799),
  (21,7,16,2,349),
  (22,7,8,3,899),
  (23,8,28,3,649),
  (24,8,20,3,499),
  (25,8,4,1,1899),
  (26,9,6,1,799),
  (27,9,11,3,1199),
  (28,9,16,1,349),
  (29,10,31,2,599),
  (30,10,19,3,699),
  (31,10,3,2,2499),
  (32,10,15,3,449),
  (33,11,17,2,3499),
  (34,11,13,1,1999),
  (35,12,5,1,1499),
  (36,12,4,2,1899),
  (37,13,20,3,499),
  (38,13,26,2,399),
  (39,13,18,2,2299),
  (40,13,33,1,399),
  (41,14,2,3,599),
  (42,14,6,3,799),
  (43,14,15,3,449),
  (44,15,3,3,2499),
  (45,15,12,3,799),
  (46,15,31,2,599),
  (47,16,6,2,799),
  (48,16,31,2,599),
  (49,16,23,3,1599),
  (50,16,27,1,699),
  (51,17,19,2,699),
  (52,17,26,1,399),
  (53,17,36,2,799),
  (54,17,3,2,2499),
  (55,18,33,2,399),
  (56,18,1,1,1299),
  (57,18,35,1,199),
  (58,18,30,3,549),
  (59,19,14,2,849),
  (60,20,32,3,449),
  (61,20,8,1,899),
  (62,20,2,2,599),
  (63,20,16,3,349),
  (64,21,15,1,449),
  (65,22,32,3,449),
  (66,22,19,3,699),
  (67,23,31,1,599),
  (68,23,16,2,349),
  (69,23,30,1,549),
  (70,23,36,3,799),
  (71,24,27,2,699),
  (72,24,22,1,249),
  (73,24,33,2,399),
  (74,25,35,3,199),
  (75,25,31,3,599),
  (76,25,23,2,1599),
  (77,25,22,2,249),
  (78,26,25,2,599),
  (79,26,15,1,449),
  (80,27,25,1,599),
  (81,27,10,3,699),
  (82,27,32,3,449),
  (83,27,3,2,2499),
  (84,28,1,2,1299),
  (85,28,10,2,699),
  (86,28,27,2,699),
  (87,28,5,3,1499),
  (88,29,35,3,199),
  (89,29,25,3,599),
  (90,29,21,2,2999),
  (91,30,16,3,349),
  (92,31,28,1,649),
  (93,32,2,1,599),
  (94,32,3,2,2499),
  (95,32,21,2,2999),
  (96,33,12,3,799),
  (97,33,11,3,1199),
  (98,33,6,1,799),
  (99,33,25,2,599),
  (100,34,17,3,3499),
  (101,34,30,3,549),
  (102,34,1,1,1299),
  (103,34,19,1,699),
  (104,35,28,2,649),
  (105,35,17,1,3499),
  (106,35,30,2,549),
  (107,36,19,2,699),
  (108,36,2,1,599),
  (109,36,26,3,399),
  (110,37,19,3,699),
  (111,37,15,2,449),
  (112,37,23,3,1599),
  (113,37,13,3,1999),
  (114,38,20,2,499),
  (115,39,19,2,699),
  (116,40,35,3,199),
  (117,40,24,3,899),
  (118,41,19,1,699),
  (119,41,22,1,249),
  (120,41,8,1,899),
  (121,41,30,3,549),
  (122,42,1,2,1299),
  (123,42,17,2,3499),
  (124,42,35,3,199),
  (125,42,8,3,899),
  (126,43,7,1,399),
  (127,43,15,3,449),
  (128,43,31,3,599),
  (129,44,20,1,499),
  (130,44,27,1,699),
  (131,44,8,2,899),
  (132,44,9,2,1299),
  (133,45,25,2,599),
  (134,45,30,3,549),
  (135,46,32,3,449),
  (136,47,14,2,849),
  (137,47,29,1,799),
  (138,47,16,3,349),
  (139,48,4,1,1899),
  (140,48,26,1,399),
  (141,48,18,2,2299),
  (142,49,4,2,1899),
  (143,50,14,2,849),
  (144,50,15,1,449),
  (145,51,9,2,1299),
  (146,51,35,1,199),
  (147,52,9,1,1299),
  (148,53,12,2,799),
  (149,54,34,2,349),
  (150,54,8,2,899),
  (151,54,5,3,1499),
  (152,54,31,3,599),
  (153,55,34,2,349),
  (154,56,31,2,599),
  (155,57,5,1,1499),
  (156,57,6,1,799),
  (157,57,21,2,2999),
  (158,57,10,3,699),
  (159,58,30,1,549),
  (160,58,33,3,399),
  (161,58,28,1,649),
  (162,59,28,1,649),
  (163,59,29,2,799),
  (164,60,21,2,2999),
  (165,61,10,1,699),
  (166,61,31,1,599),
  (167,61,5,1,1499),
  (168,62,9,3,1299),
  (169,62,36,3,799),
  (170,62,4,3,1899),
  (171,63,4,1,1899),
  (172,63,19,3,699),
  (173,63,20,3,499),
  (174,63,23,1,1599),
  (175,64,7,3,399),
  (176,64,23,2,1599),
  (177,65,36,2,799),
  (178,65,2,3,599),
  (179,65,18,2,2299),
  (180,65,12,2,799),
  (181,66,26,1,399),
  (182,66,5,3,1499),
  (183,67,25,2,599),
  (184,67,27,2,699),
  (185,68,6,1,799),
  (186,68,4,3,1899),
  (187,68,10,1,699),
  (188,69,32,1,449),
  (189,69,29,3,799),
  (190,69,27,1,699),
  (191,69,18,2,2299),
  (192,70,34,2,349),
  (193,70,20,3,499),
  (194,70,3,1,2499),
  (195,70,15,1,449),
  (196,71,17,2,3499),
  (197,71,19,1,699),
  (198,72,9,3,1299),
  (199,72,25,3,599),
  (200,73,5,2,1499),
  (201,73,26,1,399),
  (202,73,3,2,2499),
  (203,74,27,1,699),
  (204,74,19,2,699),
  (205,74,8,1,899),
  (206,74,26,3,399),
  (207,75,16,2,349),
  (208,76,26,2,399),
  (209,77,5,3,1499),
  (210,77,33,1,399),
  (211,78,23,1,1599),
  (212,78,10,1,699),
  (213,78,16,2,349),
  (214,79,5,3,1499),
  (215,79,12,2,799),
  (216,80,21,1,2999),
  (217,80,10,2,699),
  (218,80,29,2,799),
  (219,81,33,2,399),
  (220,81,5,2,1499),
  (221,81,20,1,499),
  (222,82,5,2,1499),
  (223,82,6,2,799),
  (224,82,33,3,399),
  (225,83,21,3,2999),
  (226,83,31,1,599),
  (227,84,6,1,799),
  (228,84,33,1,399),
  (229,84,12,3,799),
  (230,85,24,2,899),
  (231,85,19,2,699),
  (232,86,5,3,1499),
  (233,86,22,3,249),
  (234,86,7,2,399),
  (235,87,22,3,249),
  (236,87,6,3,799),
  (237,88,26,2,399),
  (238,88,9,3,1299),
  (239,88,6,2,799),
  (240,89,28,3,649),
  (241,90,12,2,799),
  (242,90,14,1,849),
  (243,90,22,1,249),
  (244,91,7,3,399),
  (245,91,33,3,399),
  (246,91,35,1,199),
  (247,92,11,3,1199),
  (248,92,12,3,799),
  (249,93,27,2,699),
  (250,94,15,2,449),
  (251,94,35,1,199),
  (252,94,16,2,349),
  (253,94,20,3,499),
  (254,95,11,1,1199),
  (255,95,13,3,1999),
  (256,95,9,2,1299),
  (257,95,17,2,3499),
  (258,96,19,1,699),
  (259,97,28,1,649),
  (260,97,6,2,799),
  (261,98,33,1,399),
  (262,98,24,2,899),
  (263,98,16,1,349),
  (264,98,25,1,599),
  (265,99,10,2,699),
  (266,99,9,2,1299),
  (267,99,3,3,2499),
  (268,100,6,1,799),
  (269,101,36,2,799),
  (270,101,34,1,349),
  (271,102,27,1,699),
  (272,102,30,1,549),
  (273,103,33,3,399),
  (274,104,23,1,1599),
  (275,105,34,2,349),
  (276,106,25,2,599),
  (277,107,23,1,1599),
  (278,108,22,1,249),
  (279,109,12,3,799),
  (280,109,30,1,549),
  (281,109,31,1,599),
  (282,110,3,1,2499),
  (283,110,13,2,1999),
  (284,111,17,2,3499),
  (285,111,3,1,2499),
  (286,111,13,3,1999),
  (287,111,19,2,699),
  (288,112,28,2,649),
  (289,112,26,2,399),
  (290,112,29,1,799),
  (291,113,6,3,799),
  (292,113,28,2,649),
  (293,113,12,2,799),
  (294,114,20,1,499),
  (295,114,29,3,799),
  (296,114,28,2,649),
  (297,115,28,1,649),
  (298,115,18,3,2299),
  (299,115,4,3,1899),
  (300,116,29,1,799),
  (301,116,3,1,2499),
  (302,117,24,3,899),
  (303,117,25,1,599),
  (304,117,3,3,2499),
  (305,118,9,3,1299),
  (306,119,16,3,349),
  (307,119,8,1,899),
  (308,119,2,2,599),
  (309,120,29,3,799),
  (310,120,14,2,849),
  (311,120,19,1,699),
  (312,121,29,1,799),
  (313,122,23,3,1599),
  (314,122,5,2,1499),
  (315,122,36,2,799),
  (316,123,8,1,899),
  (317,123,13,1,1999),
  (318,124,30,3,549),
  (319,124,36,1,799),
  (320,124,9,1,1299),
  (321,125,34,2,349),
  (322,125,27,3,699),
  (323,125,5,1,1499),
  (324,125,9,2,1299),
  (325,126,9,3,1299),
  (326,126,28,1,649),
  (327,127,11,2,1199),
  (328,127,21,3,2999),
  (329,127,15,2,449),
  (330,128,9,1,1299),
  (331,128,20,3,499),
  (332,128,35,3,199),
  (333,129,3,1,2499),
  (334,129,2,3,599),
  (335,129,6,3,799),
  (336,130,2,3,599),
  (337,130,32,2,449),
  (338,130,35,2,199),
  (339,130,19,1,699),
  (340,131,4,1,1899),
  (341,132,22,2,249),
  (342,132,10,3,699),
  (343,133,33,2,399),
  (344,133,36,1,799),
  (345,133,7,2,399),
  (346,134,10,1,699),
  (347,134,7,2,399),
  (348,135,16,1,349),
  (349,135,11,2,1199),
  (350,135,21,3,2999),
  (351,135,13,2,1999),
  (352,136,26,3,399),
  (353,137,4,3,1899),
  (354,137,19,3,699),
  (355,137,32,3,449),
  (356,138,7,2,399),
  (357,139,26,2,399),
  (358,139,24,1,899),
  (359,139,3,3,2499),
  (360,140,25,3,599),
  (361,141,8,2,899),
  (362,141,9,2,1299),
  (363,141,7,2,399),
  (364,142,33,3,399),
  (365,142,26,1,399),
  (366,143,31,1,599),
  (367,143,34,3,349),
  (368,143,30,3,549),
  (369,144,22,2,249),
  (370,144,33,3,399),
  (371,144,35,3,199),
  (372,145,24,2,899),
  (373,146,2,3,599),
  (374,146,31,3,599),
  (375,146,17,3,3499),
  (376,147,34,1,349),
  (377,147,25,3,599),
  (378,148,13,1,1999),
  (379,149,14,3,849),
  (380,149,27,3,699),
  (381,149,33,1,399),
  (382,149,31,3,599),
  (383,150,31,2,599),
  (384,150,34,1,349),
  (385,150,25,2,599),
  (386,151,31,2,599),
  (387,151,13,3,1999),
  (388,151,16,2,349),
  (389,152,32,2,449),
  (390,152,21,2,2999),
  (391,153,26,1,399),
  (392,153,23,2,1599),
  (393,153,10,3,699),
  (394,153,19,1,699),
  (395,154,31,3,599),
  (396,154,14,2,849),
  (397,154,13,3,1999),
  (398,155,16,3,349),
  (399,155,4,3,1899),
  (400,156,22,1,249),
  (401,156,31,3,599),
  (402,156,7,1,399),
  (403,156,9,2,1299),
  (404,157,19,2,699),
  (405,157,21,3,2999),
  (406,158,35,1,199),
  (407,158,3,2,2499),
  (408,159,12,2,799),
  (409,159,19,3,699),
  (410,159,3,3,2499),
  (411,159,1,1,1299),
  (412,160,9,1,1299),
  (413,160,33,1,399),
  (414,160,30,2,549),
  (415,160,18,1,2299),
  (416,161,1,2,1299),
  (417,161,22,3,249),
  (418,162,28,2,649),
  (419,162,33,3,399),
  (420,162,21,1,2999),
  (421,162,6,1,799),
  (422,163,16,2,349),
  (423,163,29,3,799),
  (424,163,18,3,2299),
  (425,163,22,3,249),
  (426,164,16,2,349),
  (427,164,4,2,1899),
  (428,164,8,1,899),
  (429,165,8,3,899),
  (430,165,19,1,699),
  (431,165,24,1,899),
  (432,166,24,3,899),
  (433,166,27,3,699),
  (434,166,36,1,799),
  (435,166,31,1,599),
  (436,167,5,3,1499),
  (437,167,8,3,899),
  (438,167,4,1,1899),
  (439,168,8,3,899),
  (440,168,14,2,849),
  (441,168,32,1,449),
  (442,168,6,2,799),
  (443,169,4,3,1899),
  (444,169,36,1,799),
  (445,169,30,2,549),
  (446,169,20,2,499),
  (447,170,3,2,2499),
  (448,171,31,1,599),
  (449,172,27,2,699),
  (450,172,24,2,899),
  (451,173,23,1,1599),
  (452,173,8,3,899),
  (453,174,1,2,1299),
  (454,174,2,2,599),
  (455,175,15,1,449),
  (456,175,16,2,349),
  (457,175,30,1,549),
  (458,175,23,3,1599),
  (459,176,2,1,599),
  (460,176,16,3,349),
  (461,176,14,1,849),
  (462,176,5,2,1499),
  (463,177,35,1,199),
  (464,177,14,1,849),
  (465,178,21,1,2999),
  (466,178,16,3,349),
  (467,178,20,3,499),
  (468,179,4,3,1899),
  (469,179,36,3,799),
  (470,179,12,2,799),
  (471,180,34,2,349),
  (472,180,21,2,2999),
  (473,180,27,1,699),
  (474,180,10,3,699),
  (475,181,10,3,699),
  (476,181,30,2,549),
  (477,181,4,2,1899),
  (478,182,14,2,849),
  (479,182,22,2,249),
  (480,182,6,1,799),
  (481,183,3,1,2499),
  (482,183,5,2,1499),
  (483,183,13,1,1999),
  (484,183,36,2,799),
  (485,184,31,1,599),
  (486,185,19,3,699),
  (487,185,25,3,599),
  (488,185,30,2,549),
  (489,186,30,1,549),
  (490,186,7,2,399),
  (491,186,31,2,599),
  (492,186,21,2,2999),
  (493,187,10,2,699),
  (494,187,2,3,599),
  (495,188,22,2,249),
  (496,188,15,3,449),
  (497,189,32,1,449),
  (498,189,30,1,549),
  (499,189,11,3,1199),
  (500,189,23,3,1599),
  (501,190,34,1,349),
  (502,191,9,1,1299),
  (503,191,15,1,449),
  (504,191,5,3,1499),
  (505,191,10,2,699),
  (506,192,32,3,449),
  (507,192,2,2,599),
  (508,192,1,1,1299),
  (509,192,35,1,199),
  (510,193,33,3,399),
  (511,194,16,3,349),
  (512,194,13,3,1999),
  (513,195,26,2,399),
  (514,195,6,2,799),
  (515,195,24,3,899),
  (516,196,6,2,799),
  (517,196,3,2,2499),
  (518,196,26,3,399),
  (519,197,6,2,799),
  (520,197,32,3,449),
  (521,198,15,1,449),
  (522,199,5,3,1499),
  (523,200,2,3,599),
  (524,200,14,2,849),
  (525,200,10,1,699),
  (526,201,35,3,199),
  (527,201,22,3,249),
  (528,201,25,1,599),
  (529,201,9,3,1299),
  (530,202,15,2,449),
  (531,202,5,1,1499),
  (532,202,22,3,249),
  (533,202,26,2,399),
  (534,203,36,1,799),
  (535,203,25,3,599),
  (536,203,28,3,649),
  (537,204,16,2,349),
  (538,204,5,1,1499),
  (539,204,6,2,799),
  (540,205,24,1,899),
  (541,205,7,2,399),
  (542,205,6,2,799),
  (543,206,12,2,799),
  (544,207,23,3,1599),
  (545,208,25,2,599),
  (546,208,1,2,1299),
  (547,208,19,1,699),
  (548,209,25,1,599),
  (549,209,11,2,1199),
  (550,210,5,2,1499),
  (551,210,11,2,1199),
  (552,211,24,2,899),
  (553,212,30,1,549),
  (554,212,7,2,399),
  (555,213,22,2,249),
  (556,213,29,2,799),
  (557,213,28,3,649),
  (558,213,9,3,1299),
  (559,214,26,2,399),
  (560,214,21,3,2999),
  (561,215,26,3,399),
  (562,215,24,1,899),
  (563,215,8,3,899),
  (564,216,30,3,549),
  (565,217,5,1,1499),
  (566,217,27,3,699),
  (567,217,32,2,449),
  (568,218,5,3,1499),
  (569,218,29,3,799),
  (570,218,31,3,599),
  (571,218,26,2,399),
  (572,219,35,1,199),
  (573,219,6,3,799),
  (574,219,7,3,399),
  (575,220,26,2,399),
  (576,221,15,3,449),
  (577,221,33,3,399),
  (578,221,34,3,349),
  (579,222,26,1,399),
  (580,222,30,2,549),
  (581,222,33,1,399),
  (582,223,8,3,899),
  (583,224,30,2,549),
  (584,224,14,2,849),
  (585,224,34,2,349),
  (586,225,21,3,2999),
  (587,225,5,1,1499),
  (588,225,20,1,499),
  (589,225,3,2,2499),
  (590,226,16,1,349),
  (591,226,34,3,349),
  (592,227,30,1,549),
  (593,227,15,3,449),
  (594,227,26,3,399),
  (595,227,12,2,799),
  (596,228,25,3,599),
  (597,228,1,1,1299),
  (598,228,14,3,849),
  (599,228,18,1,2299),
  (600,229,13,2,1999),
  (601,229,30,3,549),
  (602,229,8,2,899),
  (603,230,8,3,899),
  (604,230,23,3,1599),
  (605,230,30,2,549),
  (606,230,12,3,799),
  (607,231,21,1,2999),
  (608,231,8,2,899),
  (609,232,27,1,699),
  (610,232,9,2,1299),
  (611,232,25,3,599),
  (612,232,28,3,649),
  (613,233,12,2,799),
  (614,233,21,3,2999),
  (615,234,9,3,1299),
  (616,234,13,3,1999),
  (617,234,25,2,599),
  (618,234,36,2,799),
  (619,235,2,1,599),
  (620,236,35,1,199),
  (621,236,19,2,699),
  (622,237,8,2,899),
  (623,238,29,3,799),
  (624,239,20,2,499),
  (625,239,3,2,2499),
  (626,240,16,1,349),
  (627,241,11,3,1199),
  (628,241,9,2,1299),
  (629,241,14,3,849),
  (630,241,4,2,1899),
  (631,242,19,3,699),
  (632,242,18,1,2299),
  (633,242,33,1,399),
  (634,243,9,1,1299),
  (635,243,16,3,349),
  (636,244,32,2,449),
  (637,244,10,2,699),
  (638,244,18,1,2299),
  (639,244,27,3,699),
  (640,245,24,2,899),
  (641,245,30,3,549),
  (642,245,32,1,449),
  (643,246,5,1,1499),
  (644,246,35,2,199),
  (645,246,26,1,399),
  (646,247,22,3,249),
  (647,247,36,2,799),
  (648,247,9,2,1299),
  (649,248,2,2,599),
  (650,248,8,1,899),
  (651,248,11,2,1199),
  (652,248,29,1,799),
  (653,249,6,1,799),
  (654,249,24,2,899),
  (655,249,17,3,3499),
  (656,250,15,3,449),
  (657,250,28,1,649),
  (658,250,6,1,799),
  (659,251,15,3,449),
  (660,251,34,2,349),
  (661,252,8,2,899),
  (662,252,28,1,649),
  (663,252,9,1,1299),
  (664,253,7,2,399),
  (665,254,10,3,699),
  (666,254,5,3,1499),
  (667,255,29,3,799),
  (668,255,23,1,1599),
  (669,256,14,1,849),
  (670,256,6,3,799),
  (671,256,7,3,399),
  (672,256,9,2,1299),
  (673,257,16,3,349),
  (674,257,18,1,2299),
  (675,258,2,3,599),
  (676,258,20,3,499),
  (677,258,14,3,849),
  (678,259,16,2,349),
  (679,260,5,2,1499),
  (680,260,34,1,349),
  (681,260,1,2,1299),
  (682,260,24,3,899),
  (683,261,31,1,599),
  (684,261,5,3,1499),
  (685,262,3,2,2499),
  (686,262,4,3,1899),
  (687,263,6,1,799),
  (688,263,35,2,199),
  (689,263,10,1,699),
  (690,263,18,3,2299),
  (691,264,35,2,199),
  (692,264,21,3,2999),
  (693,265,4,1,1899),
  (694,265,16,2,349),
  (695,266,20,3,499),
  (696,267,11,2,1199),
  (697,268,18,1,2299),
  (698,268,8,2,899),
  (699,269,17,3,3499),
  (700,270,30,2,549),
  (701,270,33,3,399),
  (702,270,24,1,899),
  (703,270,4,2,1899),
  (704,271,8,1,899),
  (705,272,16,1,349),
  (706,273,3,3,2499),
  (707,273,36,3,799),
  (708,274,27,2,699),
  (709,274,21,1,2999),
  (710,275,12,1,799),
  (711,276,30,2,549),
  (712,277,1,3,1299),
  (713,277,24,2,899),
  (714,277,13,3,1999),
  (715,277,19,3,699),
  (716,278,13,1,1999),
  (717,278,35,2,199),
  (718,278,16,1,349),
  (719,278,10,1,699),
  (720,279,22,1,249),
  (721,280,27,1,699),
  (722,280,32,1,449),
  (723,281,34,3,349),
  (724,281,27,2,699),
  (725,282,26,3,399),
  (726,282,5,3,1499),
  (727,283,16,2,349),
  (728,283,19,2,699),
  (729,284,15,1,449),
  (730,284,5,3,1499),
  (731,284,13,1,1999),
  (732,285,30,3,549),
  (733,285,21,2,2999),
  (734,285,27,1,699),
  (735,285,8,2,899),
  (736,286,6,1,799),
  (737,287,10,2,699),
  (738,287,6,2,799),
  (739,287,16,3,349),
  (740,288,2,2,599),
  (741,288,26,3,399),
  (742,289,7,1,399),
  (743,289,9,1,1299),
  (744,289,8,1,899),
  (745,289,1,1,1299),
  (746,290,17,1,3499),
  (747,291,9,1,1299),
  (748,291,6,2,799),
  (749,291,22,1,249),
  (750,291,8,1,899),
  (751,292,28,1,649),
  (752,292,12,2,799),
  (753,292,23,2,1599),
  (754,292,14,2,849),
  (755,293,19,2,699),
  (756,293,32,3,449),
  (757,294,25,1,599),
  (758,294,9,3,1299),
  (759,294,27,3,699),
  (760,295,31,2,599),
  (761,295,35,3,199),
  (762,295,32,3,449),
  (763,296,21,3,2999),
  (764,297,4,2,1899),
  (765,297,31,3,599),
  (766,297,34,1,349),
  (767,298,18,3,2299),
  (768,298,35,1,199),
  (769,299,23,3,1599),
  (770,299,12,3,799),
  (771,299,16,2,349),
  (772,299,21,3,2999),
  (773,300,13,3,1999),
  (774,300,32,2,449),
  (775,301,4,1,1899),
  (776,302,1,2,1299),
  (777,302,22,3,249),
  (778,302,13,1,1999),
  (779,302,9,2,1299),
  (780,303,8,2,899),
  (781,303,34,1,349),
  (782,304,20,1,499),
  (783,304,21,3,2999),
  (784,304,9,2,1299),
  (785,305,15,2,449),
  (786,305,12,3,799),
  (787,305,25,3,599),
  (788,306,26,3,399),
  (789,307,15,1,449),
  (790,307,7,2,399),
  (791,307,32,3,449),
  (792,308,11,2,1199),
  (793,308,6,1,799),
  (794,308,22,2,249),
  (795,309,1,1,1299),
  (796,310,11,2,1199),
  (797,310,27,3,699),
  (798,310,32,2,449),
  (799,310,25,1,599),
  (800,311,3,2,2499),
  (801,312,5,2,1499),
  (802,313,36,1,799),
  (803,314,2,1,599),
  (804,314,28,2,649),
  (805,314,11,1,1199),
  (806,314,4,1,1899),
  (807,315,16,2,349),
  (808,315,7,3,399),
  (809,315,4,3,1899),
  (810,316,1,2,1299),
  (811,316,28,3,649),
  (812,316,6,3,799),
  (813,317,19,2,699),
  (814,317,6,1,799),
  (815,318,32,2,449),
  (816,318,17,1,3499),
  (817,318,6,2,799),
  (818,318,35,2,199),
  (819,319,29,1,799),
  (820,319,30,2,549),
  (821,319,17,3,3499),
  (822,320,6,3,799),
  (823,321,15,3,449),
  (824,321,36,2,799),
  (825,321,4,3,1899),
  (826,321,25,3,599),
  (827,322,26,3,399),
  (828,323,12,1,799),
  (829,323,11,1,1199),
  (830,323,14,2,849),
  (831,323,13,1,1999),
  (832,324,17,3,3499),
  (833,324,21,1,2999),
  (834,325,36,2,799),
  (835,325,21,1,2999),
  (836,325,18,3,2299),
  (837,325,34,3,349),
  (838,326,10,1,699),
  (839,326,7,3,399),
  (840,327,25,1,599),
  (841,327,32,1,449),
  (842,327,31,2,599),
  (843,328,3,1,2499),
  (844,328,26,3,399),
  (845,328,22,2,249),
  (846,328,16,2,349),
  (847,329,20,3,499),
  (848,329,18,3,2299),
  (849,329,32,1,449),
  (850,330,21,1,2999),
  (851,330,18,2,2299),
  (852,330,27,1,699),
  (853,330,6,2,799),
  (854,331,5,3,1499),
  (855,331,20,3,499),
  (856,332,12,1,799),
  (857,333,4,2,1899),
  (858,333,24,2,899),
  (859,333,13,3,1999),
  (860,333,18,2,2299),
  (861,334,29,2,799),
  (862,334,12,2,799),
  (863,334,31,1,599),
  (864,334,36,2,799),
  (865,335,11,3,1199),
  (866,336,14,3,849),
  (867,336,18,2,2299),
  (868,337,31,1,599),
  (869,338,15,2,449),
  (870,339,30,2,549),
  (871,339,17,2,3499),
  (872,339,14,3,849),
  (873,340,7,3,399),
  (874,340,1,3,1299),
  (875,340,33,3,399),
  (876,340,24,3,899),
  (877,341,18,3,2299),
  (878,341,21,3,2999),
  (879,341,17,3,3499),
  (880,342,4,3,1899),
  (881,342,26,2,399),
  (882,343,17,2,3499),
  (883,343,27,3,699),
  (884,343,26,1,399),
  (885,344,35,3,199),
  (886,344,31,2,599),
  (887,345,36,2,799),
  (888,345,12,1,799),
  (889,346,36,3,799),
  (890,346,12,1,799),
  (891,346,22,1,249),
  (892,347,27,2,699),
  (893,347,22,3,249),
  (894,347,24,2,899),
  (895,348,31,1,599),
  (896,349,34,1,349),
  (897,349,20,1,499),
  (898,349,27,1,699),
  (899,349,4,2,1899),
  (900,350,6,2,799),
  (901,350,32,3,449),
  (902,351,1,2,1299),
  (903,352,11,1,1199),
  (904,352,32,1,449),
  (905,353,28,1,649),
  (906,353,31,3,599),
  (907,353,25,1,599),
  (908,353,1,3,1299),
  (909,354,2,3,599),
  (910,354,1,3,1299),
  (911,355,9,3,1299),
  (912,355,7,3,399),
  (913,355,25,2,599),
  (914,356,20,2,499),
  (915,357,22,2,249),
  (916,357,32,1,449),
  (917,358,2,3,599),
  (918,358,15,1,449),
  (919,358,9,3,1299),
  (920,358,14,3,849),
  (921,359,25,3,599),
  (922,360,2,1,599),
  (923,361,36,2,799),
  (924,362,1,2,1299),
  (925,362,20,3,499),
  (926,363,27,3,699),
  (927,363,7,3,399),
  (928,364,32,1,449),
  (929,365,23,2,1599),
  (930,365,27,1,699),
  (931,366,22,1,249),
  (932,366,16,3,349),
  (933,366,1,3,1299),
  (934,366,6,2,799),
  (935,367,7,2,399),
  (936,368,30,1,549),
  (937,368,4,1,1899),
  (938,368,7,2,399),
  (939,369,7,1,399),
  (940,370,22,2,249),
  (941,370,23,3,1599),
  (942,371,12,2,799),
  (943,371,8,2,899),
  (944,371,26,2,399),
  (945,372,27,3,699),
  (946,372,11,3,1199),
  (947,372,8,1,899),
  (948,372,9,1,1299),
  (949,373,29,3,799),
  (950,373,12,1,799),
  (951,373,25,3,599),
  (952,373,23,3,1599),
  (953,374,27,2,699),
  (954,375,1,3,1299),
  (955,375,34,2,349),
  (956,375,15,3,449),
  (957,376,31,3,599),
  (958,376,23,3,1599),
  (959,377,1,3,1299),
  (960,378,5,2,1499),
  (961,378,32,1,449),
  (962,379,36,2,799),
  (963,379,25,1,599),
  (964,380,6,1,799),
  (965,380,32,2,449),
  (966,380,29,3,799),
  (967,380,21,3,2999),
  (968,381,3,3,2499),
  (969,381,36,3,799),
  (970,381,1,3,1299),
  (971,381,6,2,799),
  (972,382,22,2,249),
  (973,382,24,2,899),
  (974,382,4,3,1899),
  (975,382,15,3,449),
  (976,383,7,3,399),
  (977,384,19,2,699),
  (978,384,36,3,799),
  (979,384,34,1,349),
  (980,385,7,2,399),
  (981,385,17,1,3499),
  (982,385,13,2,1999),
  (983,385,8,1,899),
  (984,386,3,3,2499),
  (985,386,8,3,899),
  (986,386,29,3,799),
  (987,386,30,1,549),
  (988,387,36,2,799),
  (989,388,12,1,799),
  (990,388,9,2,1299),
  (991,389,16,2,349),
  (992,389,18,2,2299),
  (993,389,26,1,399),
  (994,389,22,1,249),
  (995,390,36,1,799),
  (996,390,14,3,849),
  (997,390,13,3,1999),
  (998,391,12,3,799),
  (999,391,33,3,399),
  (1000,392,27,1,699),
  (1001,392,35,3,199),
  (1002,392,19,1,699),
  (1003,392,28,1,649),
  (1004,393,13,2,1999),
  (1005,394,4,1,1899),
  (1006,394,19,3,699),
  (1007,395,7,1,399),
  (1008,395,36,3,799),
  (1009,395,15,3,449),
  (1010,395,25,2,599),
  (1011,396,27,1,699),
  (1012,396,21,3,2999),
  (1013,396,36,2,799),
  (1014,396,4,1,1899),
  (1015,397,35,2,199),
  (1016,397,13,1,1999),
  (1017,397,19,3,699),
  (1018,398,25,1,599),
  (1019,399,1,3,1299),
  (1020,399,22,1,249),
  (1021,399,30,1,549);

